2026-02-18 22:51:43.165600,Drowsiness Detected
2026-02-18 22:51:43.214233,Drowsiness Detected
2026-02-18 22:51:43.263358,Drowsiness Detected
2026-02-18 22:51:43.315152,Drowsiness Detected
2026-02-18 22:51:43.362534,Drowsiness Detected
2026-02-18 22:51:43.414801,Drowsiness Detected
2026-02-18 22:51:43.464376,Drowsiness Detected
2026-02-18 22:51:43.513251,Drowsiness Detected
2026-02-18 22:51:43.564400,Drowsiness Detected
2026-02-18 22:51:43.610906,Drowsiness Detected
2026-02-18 22:51:43.662650,Drowsiness Detected
2026-02-18 22:51:43.709834,Drowsiness Detected
2026-02-18 22:51:43.760603,Drowsiness Detected
2026-02-18 22:51:43.809969,Drowsiness Detected
2026-02-18 22:51:43.859297,Drowsiness Detected
2026-02-18 22:51:43.909325,Drowsiness Detected
2026-02-18 22:51:43.959217,Drowsiness Detected
2026-02-18 22:51:44.010191,Drowsiness Detected
2026-02-18 22:51:44.061913,Drowsiness Detected
2026-02-18 22:51:44.109425,Drowsiness Detected
2026-02-18 22:51:44.159695,Drowsiness Detected
2026-02-18 22:51:44.210819,Drowsiness Detected
2026-02-18 22:51:44.259369,Drowsiness Detected
2026-02-18 22:51:44.311028,Drowsiness Detected
2026-02-18 22:51:44.357776,Drowsiness Detected
2026-02-18 22:51:44.408998,Drowsiness Detected
2026-02-18 22:51:44.460179,Drowsiness Detected
2026-02-18 22:51:44.508913,Drowsiness Detected
2026-02-18 22:51:44.560222,Drowsiness Detected
2026-02-18 22:51:44.607586,Drowsiness Detected
2026-02-18 22:51:44.659259,Drowsiness Detected
2026-02-18 22:51:44.709532,Drowsiness Detected
2026-02-18 22:51:44.755092,Drowsiness Detected
2026-02-18 22:51:44.804950,Drowsiness Detected
2026-02-18 22:51:44.854590,Drowsiness Detected
2026-02-18 22:51:44.907301,Drowsiness Detected
2026-02-18 22:51:44.957901,Drowsiness Detected
2026-02-18 22:51:45.006582,Drowsiness Detected
2026-02-18 22:51:45.055772,Drowsiness Detected
2026-02-18 22:51:45.104601,Drowsiness Detected
2026-02-18 22:51:45.151467,Drowsiness Detected
2026-02-18 22:51:45.201375,Drowsiness Detected
2026-02-18 22:51:45.288164,Drowsiness Detected
2026-02-18 22:51:45.334759,Drowsiness Detected
2026-02-18 22:51:45.384919,Drowsiness Detected
2026-02-18 22:51:45.433026,Drowsiness Detected
2026-02-18 22:51:45.483194,Drowsiness Detected
2026-02-18 22:51:45.530333,Drowsiness Detected
2026-02-18 22:51:45.578922,Drowsiness Detected
2026-02-18 22:51:45.629600,Drowsiness Detected
2026-02-18 22:51:45.676534,Drowsiness Detected
2026-02-18 22:51:45.725678,Drowsiness Detected
2026-02-18 22:51:45.776684,Drowsiness Detected
2026-02-18 22:51:45.816761,Drowsiness Detected
2026-02-18 22:51:45.864453,Drowsiness Detected
2026-02-18 22:51:45.913971,Drowsiness Detected
2026-02-18 22:51:45.962613,Drowsiness Detected
2026-02-18 22:51:46.013156,Drowsiness Detected
2026-02-18 22:51:46.097758,Drowsiness Detected
2026-02-18 22:51:46.145756,Drowsiness Detected
2026-02-18 22:51:46.195119,Drowsiness Detected
2026-02-18 22:51:46.245210,Drowsiness Detected
2026-02-18 22:51:46.285431,Drowsiness Detected
2026-02-18 22:51:46.360992,Drowsiness Detected
2026-02-18 22:51:46.410210,Drowsiness Detected
2026-02-18 22:51:46.460180,Drowsiness Detected
2026-02-18 22:51:46.507300,Drowsiness Detected
2026-02-18 22:51:46.557848,Drowsiness Detected
2026-02-18 22:51:46.606417,Drowsiness Detected
2026-02-18 22:51:46.658757,Drowsiness Detected
2026-02-18 22:51:46.701438,Drowsiness Detected
2026-02-18 22:51:46.752608,Drowsiness Detected
2026-02-18 22:51:46.802074,Drowsiness Detected
2026-02-18 22:51:46.851791,Drowsiness Detected
2026-02-18 22:51:46.903080,Drowsiness Detected
2026-02-18 22:51:46.949225,Drowsiness Detected
2026-02-18 22:51:46.998993,Drowsiness Detected
2026-02-18 22:51:47.048291,Drowsiness Detected
2026-02-18 22:51:47.097020,Drowsiness Detected
2026-02-18 22:51:47.145344,Drowsiness Detected
2026-02-18 22:51:47.199628,Drowsiness Detected
2026-02-18 22:51:47.249547,Drowsiness Detected
2026-02-18 22:51:47.297829,Drowsiness Detected
2026-02-18 22:51:47.347143,Drowsiness Detected
2026-02-18 22:51:47.396026,Drowsiness Detected
2026-02-18 22:51:47.448752,Drowsiness Detected
2026-02-18 22:51:47.487630,Drowsiness Detected
2026-02-18 22:51:47.535753,Drowsiness Detected
2026-02-18 22:51:47.585800,Drowsiness Detected
2026-02-18 22:51:47.634818,Drowsiness Detected
2026-02-18 22:51:47.685066,Drowsiness Detected
2026-02-18 22:51:47.722416,Drowsiness Detected
2026-02-18 22:51:47.775912,Drowsiness Detected
2026-02-18 22:51:47.826885,Drowsiness Detected
2026-02-18 22:51:47.875906,Drowsiness Detected
2026-02-18 22:51:47.929327,Drowsiness Detected
2026-02-18 22:51:47.978420,Drowsiness Detected
2026-02-18 22:51:48.026625,Drowsiness Detected
2026-02-18 22:51:48.074468,Drowsiness Detected
2026-02-18 22:51:48.125520,Drowsiness Detected
2026-02-18 22:51:48.174668,Drowsiness Detected
2026-02-18 22:51:48.221659,Drowsiness Detected
2026-02-18 22:51:48.270303,Drowsiness Detected
2026-02-18 22:51:48.319574,Drowsiness Detected
2026-02-18 22:51:48.371235,Drowsiness Detected
2026-02-18 22:51:48.419733,Drowsiness Detected
2026-02-18 22:51:48.468990,Drowsiness Detected
2026-02-18 22:51:48.520562,Drowsiness Detected
2026-02-18 22:51:48.570275,Drowsiness Detected
2026-02-18 22:51:48.619949,Drowsiness Detected
2026-02-18 22:51:48.669873,Drowsiness Detected
2026-02-18 22:51:48.720031,Drowsiness Detected
2026-02-18 22:51:48.769721,Drowsiness Detected
2026-02-18 22:51:48.819176,Drowsiness Detected
2026-02-18 22:51:48.868660,Drowsiness Detected
2026-02-18 22:51:48.988449,Drowsiness Detected
2026-02-18 22:51:49.036366,Drowsiness Detected
2026-02-18 22:51:49.084291,Drowsiness Detected
2026-02-18 22:51:49.134594,Drowsiness Detected
2026-02-18 22:51:49.181668,Drowsiness Detected
2026-02-18 22:51:49.231698,Drowsiness Detected
